{
  "best_params": {
    "lr": 0.000602978988737004,
    "batch_size": 64,
    "dropout_rate": 0.3924890221233456,
    "weight_decay": 1.0177899920943946e-05,
    "optimizer": "adamw",
    "scheduler": "none",
    "use_deeper_network": true,
    "num_conv_blocks": 4
  },
  "best_value": 74.42922374429224,
  "best_trial": 19,
  "n_trials": 20,
  "study_name": "no-name-4541683e-20c8-47c1-bafb-465135dc4378"
}